{
  "m_grid_dimension": 10,
  "r_interaction_radius": 1,
  "l_grid_side": 20,
  "n_number_of_particles": 400,
  "random_generator": true,
  "brute_force": true,
  "periodic_return": false,
  "particles": [
    {"x":1.8747336177591323,"y":12.780536128838417,"radius":0.36454758414975763},
    {"x":2.432802188411758,"y":14.383830242734808,"radius":0.3665238982265391}
  ]
}